strategy,question_id,difficulty,question,ground_truth,predicted,is_correct,total_steps,retrieve_count,reason_count,final_uncertainty,query_time_seconds,answer_preview
MDP_Guided,0,H,What is the minimum value for the HD3 parameter in dBc for a continuous wave tone at bandwidth/6 offset from the LO?,1,2,False,4,4,0,1.0,16.016646146774292,"2. 21

Explanation: The minimum value for the HD3 parameter in dBc for a continuous wave tone at bandwidth/6 offset from the LO is 21 dBc. This value is derived from the fact that the HD3 parameter re"
MDP_Guided,1,H,"In a scenario where emergency video streams are experiencing bandwidth limitations due to high traffic demand, what can the Emergency Control Command ",2,2,True,4,4,0,1.0,15.079379320144653,"2 and 3

Explanation: To address the issue of bandwidth limitations in emergency video streams due to high traffic demand, the Emergency Control Command has several options available:

1. **Increase t"
MDP_Guided,2,H,"Which of the following best describes the purpose of the ""OR.CellUA.AveUlBeamThroughput.SSB"" counter in an O-RAN network?",1,1,True,4,4,0,0.75,15.055511951446533,"1. To measure the average data rate of the uplink (UL) beam in kilobits per second (kbps). 

Explanation: The ""OR.CellUA.AveUlBeamThroughput.SSB"" counter in an O-RAN network is designed to measure the"
MDP_Guided,3,H,What is the maximum allowed relative packet time error (TERL) between two O-RU UNI ports for an Enhanced RU operating in FR2?,1,2,False,4,4,0,1.0,15.083053350448608,"2. max|ùëáùê∏ùëÖùêø| (1,2) ‚â§190ùëõùë†

Explanation: Based on the provided information and analysis of the options, the correct answer is option 2. According to O-RAN specifications, the maximum allowed relative p"
MDP_Guided,4,H,What is the primary purpose of the RIC Indication procedure test case for REPORT Service?,1,1,True,4,4,0,1.0,15.030394077301025,"1

Explanation: The primary purpose of the RIC Indication procedure test case for the REPORT Service is to validate the RIC Indication message associated with that service from the E2 Node. This ensur"
MDP_Guided,5,H,What is the name of the optional field in the E2SM-KPM-IndicationMessage-Format1 ASN.1 structure?,2,2,True,4,4,0,0.75,14.995992660522461,"2. measInfoList

Explanation: In the context of the E2SM-KPM-IndicationMessage-Format1 ASN.1 structure, the ""measInfoList"" option is explicitly mentioned as part of the message format. This indicates "
MDP_Guided,6,H,What action should the Near-RT RIC take when receiving an E2 NODE CONFIGURATION UPDATE message containing an E2 Node TNL Association To Remove List IE,3,4,False,4,4,0,0.75,15.075702667236328,"4. The Near-RT RIC should send an E2 NODE CONFIGURATION UPDATE ACKNOWLEDGE message to the E2 Node.

Explanation: When the Near-RT RIC receives an E2 NODE CONFIGURATION UPDATE message containing an E2 "
MDP_Guided,7,H,Which of the following is NOT a key aspect of the eCPRI access control test described in the context?,3,3,True,4,4,0,1.0,15.003984689712524,"3. Testing the performance and latency of the eCPRI protocol.

Explanation: While testing the performance and latency of the eCPRI protocol is important for ensuring the overall quality of service pro"
MDP_Guided,8,H,What is the purpose of configuring traffic generator port 1 with preemptible traffic in burst mode?,4,2,False,4,4,0,0.25,18.345946073532104,"2

Explanation: Configuring traffic generator port 1 with preemptible traffic in burst mode primarily serves to measure the latency of preemptible traffic in the presence of express traffic. This conf"
MDP_Guided,9,H,What O-RAN operations yang model parameters can be optimized to ensure the O-DU (Updated) is ready to receive call-home requests from the Shared O-RU?,1,1,True,4,4,0,0.75,18.59635901451111,"1, 2, 3, and 4

Explanation:

To ensure that the O-DU (Updated) is ready to receive call-home requests from the Shared O-RU, several O-RAN operations Yang model parameters need to be optimized. These "
MDP_Guided,10,H,What is the maximum weight of a single-band 64T64R O-RU7-2x (n78)?,2,3,False,4,4,0,1.0,18.621105670928955,"30kg

Explanation: Based on the provided information, the maximum weight of a single-band 64T64R O-RU7-2x (n78) is specified as 30kg. This can be inferred from the fact that O-RAN specifies latency re"
MDP_Guided,11,H,What is the maximum allowable relative time error between two O-RU UNI ports connected to the same O-DU1 in an Enhanced RU configuration?,2,3,False,4,4,0,1.0,18.60456109046936,"3. 100 ns

Explanation: In the context of O-RAN (Open Radio Access Network) specifications and design guidelines, particularly within the realm of enhanced radio units (Enhanced RU), there are specifi"
MDP_Guided,12,H,What is the purpose of the OR.ESTACALL.IncompMtaccessOduErrDetect performance counter?,2,2,True,4,4,0,0.75,18.607837915420532,"2

Explanation: The OR.ESTACALL.IncompMtaccessOduErrDetect performance counter is designed to track the number of call establishments for mt-Access that are interrupted due to O-DU (Optical Data Unit)"
MDP_Guided,13,H,What is the purpose of the test ORAN.WG8.IOT.057?,1,1,True,4,4,0,1.0,18.61439085006714,"1

Explanation: The purpose of the test ORAN.WG8.IOT.057 is to verify beam failure detection and recovery using CSI-RS for both detection and recovery with DRX disabled and 32 beams for FR2 configurat"
MDP_Guided,14,H,Which of the following API calls is used to allocate a buffer dynamically within an Open Radio Access Network (O-RAN)?,2,2,True,4,4,0,0.5,18.569581985473633,"2. allocBuffer

Explanation: In the context of the Open Radio Access Network (O-RAN), allocating a buffer dynamically involves creating a pool of buffers and then using the `allocBuffer` function to o"
MDP_Guided,15,H,What is the fixed timing advance type used for all currently defined IoT profiles in O-RAN?,2,2,True,4,4,0,0.75,17.420942306518555,"2. Fixed Timing Advance

Explanation: In the context of O-RAN (Open Radio Access Network), which aims to standardize and optimize radio access networks across multiple vendors, the use of fixed timing"
MDP_Guided,16,H,"In the A1 Policy Update procedure, what does the xApp do if the transformed E2/A1-EI operation requirements are the same as before?",3,2,False,4,4,0,0.75,14.86508846282959,"2

Explanation: When the transformed E2/A1-EI operation requirements remain unchanged in the A1 Policy Update procedure, the xApp will reply with an A1 POLICY UPDATE RESULT message indicating a failur"
MDP_Guided,17,H,What is a performance requirement for PUCCH format 3?,4,2,False,4,4,0,1.0,14.826056957244873,"2

Explanation: A performance requirement for PUCCH format 3 involves the number of PUCCH reception slots. This parameter determines how often the physical uplink control channel (PUCCH) can be transm"
MDP_Guided,18,H,What is the primary purpose of the test case ORAN.WG8.IOT.065?,2,2,True,4,4,0,0.75,14.853589534759521,"2

Explanation: The primary purpose of the test case ORAN.WG8.IOT.065 is to verify the successful collection and transfer of L1 measurements and parameter reconfiguration for AI/ML assisted Beam Selec"
MDP_Guided,19,H,Which of the following actions does the E2 Node take after successfully sending the RIC INDICATION message if an RIC Subsequent Action IE was associat,2,2,True,4,4,0,0.75,14.930937051773071,"2

Explanation: After successfully sending the RIC INDICATION message if an RIC Subsequent Action IE was associated with the RIC Service Action, the E2 Node will wait for a RIC CONTROL REQUEST message"
